0,3.0,F,1,M,0
3.0,4.0,F,5,D7,0
4.0,5.0,F,1,M,0
5.0,5.5,F,5,D7,0
5.5,6.0,F,1,M,0
6.0,7.0,F,5,M,0
7.0,7.5,F,5,D7,0
7.5,8.0,F,5,M,0
8.0,11.0,F,1,M,0
11.0,12.0,F,5,D7,0
12.0,13.0,F,1,M,0
13.0,14.0,F,2,M,1
14.0,15.0,F,5,D7,0
15.0,19.0,F,1,M,0
19.0,20.0,F,5,D7,1
20.0,21.0,F,1,M,0
21.0,21.5,F,5,M,0
21.5,22.0,F,6,M,0
22.0,22.5,F,5,M,0
22.5,23.0,F,5,m,0
23.0,24.0,F,5,M,0
24.0,27.0,F,1,M,0
27.0,28.0,F,5,D7,1
28.0,29.0,F,1,M,0
29.0,29.5,F,5,M,2
29.5,30.5,F,5,M,0
30.5,31.0,F,5/5,M,0
31.0,34.0,F,5,M,0
34.0,34.5,F,5/5,M,0
34.5,38.0,F,5,M,0
38.0,39.0,F,5/5,M,0
39.0,41.0,F,5,M,0
41.0,42.5,F,1,M,0
42.5,43.0,F,5,M,0
43.0,44.0,F,5,D7,0
44.0,45.0,F,1,M,0
45.0,45.5,F,5,D7,3
45.5,46.0,F,1,M,0
46.0,46.5,F,5,D7,1
46.5,47.0,F,1,M,0
47.0,49.0,F,5,M,0
49.0,51.0,F,1,M,0
51.0,52.0,F,5,D7,1
52.0,53.0,F,1,M,0
53.0,53.5,F,5/5,D7,0
53.5,54.5,F,5/5,M,0
54.5,55.0,F,5/5,D7,0
55.0,58.0,F,5,M,0
58.0,59.0,F,5/5,D7,0
59.0,62.0,F,5,M,0
62.0,63.0,F,5/5,M,0
63.0,64.0,F,5,M,0
64.0,64.5,F,1,M,0
64.5,65.0,F,1,M,1
65.0,65.5,F,5,M,0
65.5,66.0,F,1,M,0
66.0,66.5,F,5,m,0
66.5,67.0,F,5,M,0
67.0,67.5,F,5,m,0
67.5,68.0,F,5,M,0
68.0,69.0,F,5,m,0
69.0,69.5,F,5,M,0
69.5,70.0,F,5,D7,0
70.0,71.0,F,5,M,0
71.0,75.0,F,1,M,0
75.0,76.0,F,5,M,1
76.0,77.0,F,1,M,0
77.0,78.0,F,4,M,0
78.0,78.5,F,1,M,0
78.5,79.0,F,5,D7,0
79.0,80.0,F,1,M,0
80.0,81.0,F,5,M,0
81.0,81.5,F,5,D7,0
81.5,82.0,F,5,M,0
82.0,82.5,F,5,D7,0
82.5,83.0,F,5,M,0
83.0,83.5,F,1,M,0
83.5,84.0,F,5,M,0
84.0,84.5,F,1,M,0
84.5,86.5,F,5,M,0
86.5,87.0,F,5,D7,0
87.0,87.5,F,1,M,0
87.5,88.0,F,5,M,0
88.0,88.5,F,1,M,0
88.5,89.0,F,5,M,0
89.0,89.5,F,5,D7,0
89.5,90.0,F,5,M,0
90.0,90.5,F,5,D7,0
90.5,91.0,F,5,M,0
91.0,91.5,F,1,M,0
91.5,92.0,F,5,M,0
92.0,92.5,F,6,m,0
92.5,93.0,F,1,M,0
93.0,93.5,F,2,m,1
93.5,94.0,F,1,M,0
94.0,94.5,F,5,D7,0
94.5,96.0,F,1,M,0
96.0,96.5,F,5,M,0
96.5,97.0,F,5,D7,0
97.0,98.0,F,1,M,0
98.0,99.0,F,5,M,0
99.0,99.5,F,1,M,0
99.5,100.0,F,5,M,0
100.0,101.5,F,1,M,0
101.5,102.0,F,5,D7,1
102.0,102.5,F,5,D7,0
102.5,103.5,F,1,M,0
103.5,104.0,F,5,M,0
104.0,104.5,F,1,M,0
104.5,105.0,F,5,M,0
105.0,105.5,F,1,M,0
105.5,108.0,F,5,M,0
108.0,109.0,F,1,M,0
109.0,109.5,F,5,M,0
109.5,110.0,F,5,D7,0
110.0,110.5,F,5,M,0
110.5,111.5,F,1,M,0
111.5,112.0,F,2,m,1
112.0,112.5,F,1,M,0
112.5,113.5,F,5,M,0
113.5,114.0,F,1,M,0
114.0,116.0,F,5,M,0
116.0,117.0,F,1,M,0
117.0,117.5,F,5,M,0
117.5,118.0,F,5,D7,0
118.0,120.0,F,1,M,0
120.0,124.0,F,5,M,0
124.0,125.0,F,1,M,0
125.0,125.5,F,5,M,0
125.5,126.0,F,5,D7,0
126.0,126.5,F,1,D7,0
126.5,127.5,F,1,M,0
127.5,128.0,F,5,D7,0
128.0,128.5,F,1,M,0
128.5,129.0,F,5/5,D7,0
129.0,130.0,F,5,M,0
130.0,131.0,F,5/5,M,0
131.0,131.5,F,5,M,0
131.5,132.0,F,5/5,M,0
132.0,132.5,F,5/5,d,0
132.5,133.0,F,5/5,M,0
133.0,134.0,F,5,M,0
134.0,134.5,F,5/5,m,0
134.5,135.5,F,5,M,0
135.5,136.0,F,5/5,M,0
136.0,136.5,F,5/5,D7,0
136.5,137.0,F,5/5,M,0
137.0,139.5,F,5,M,0
139.5,141.0,F,1,M,0
141.0,142.0,F,5,M,1
142.0,143.0,F,1,M,0
143.0,143.5,F,5,D7,1
143.5,144.0,F,1,M,0
144.0,144.5,F,5,D7,1
144.5,145.0,F,1,M,0
145.0,146.5,F,5,M,0
146.5,147.0,F,1,M,0
147.0,148.0,F,5,M,0
148.0,148.5,F,1,M,1
148.5,149.5,F,1,M,0
149.5,150.0,F,5,M,0
150.0,150.5,F,1,M,0
150.5,151.0,F,1/5,M,0
151.0,151.5,F,5,M,0
151.5,153.0,F,5/5,D7,0
153.0,153.5,F,5,M,0
153.5,154.0,F,1,m,0
154.0,155.0,F,1/5,M,0
155.0,155.5,F,5/5,M,0
155.5,156.0,F,1,M,0
156.0,157.0,F,5/5,M,0
157.0,157.5,F,5,M,0
157.5,158.0,F,1,M,0
158.0,158.5,F,1/5,M,0
158.5,160.5,F,5/5,M,0
160.5,161.0,F,5/5,d,0
161.0,161.5,F,5,M,0
161.5,162.0,F,5/5,M,0
162.0,163.0,F,5,M,0
163.0,163.5,F,5/2,D7,0
163.5,165.0,F,5/2,M,0
165.0,165.5,F,5,M,0
165.5,166.0,F,2,m,0
166.0,166.5,F,5/5,M,0
166.5,167.0,F,7/5,D7,0
167.0,167.5,F,2/5,M,0
167.5,169.5,F,5,M,0
169.5,170.0,F,1,M,0
170.0,171.0,F,5,M,0
171.0,171.5,F,1,M,0
171.5,172.0,F,5,M,0
172.0,173.0,F,1,M,0
173.0,173.5,F,5,D7,0
173.5,174.0,F,5,M,0
174.0,175.0,F,1,M,0
175.0,175.5,F,5,D7,0
175.5,176.0,F,7/5,M,0
176.0,176.5,F,1,M,0
176.5,177.0,F,5,D7,0
177.0,179.0,F,1,M,0
179.0,179.5,F,5,D7,0
179.5,180.0,F,5,M,0
180.0,180.5,F,5,D7,0
180.5,181.5,F,5,M,0
181.5,183.0,F,1,M,0
183.0,184.5,F,5,M,0
184.5,186.5,F,1,M,0
186.5,187.0,F,5,M,0
187.0,187.5,F,5,D7,0
187.5,188.0,F,5,M,0
188.0,188.5,F,5,D7,0
188.5,190.0,F,1,M,0
190.0,190.5,F,6,m,0
190.5,191.0,F,1,M,0
191.0,191.5,F,2,m,1
191.5,192.0,F,2,M,1
192.0,193.0,F,5,D7,0
193.0,194.0,F,1,M,0
194.0,194.5,F,5,M,0
194.5,195.0,F,2,M,0
195.0,197.5,F,1,M,0
197.5,198.0,F,5,M,0
198.0,199.0,F,1,M,0
199.0,199.5,F,5,M,0
199.5,200.0,F,7,M,0
200.0,201.0,F,1,M,0
201.0,204.5,F,5,M,0
204.5,205.5,F,1,M,0
205.5,206.0,F,5,M,0
206.0,207.0,F,1,M,0
207.0,208.0,F,5,D7,0
208.0,208.5,F,1,M,0
208.5,209.0,F,6,m,0
209.0,209.5,F,2,M,0
209.5,210.0,F,5/5,M,1
210.0,210.5,F,5,M,0
210.5,211.0,F,5,D7,0
211.0,212.0,F,5,M,0
212.0,215.0,F,1,M,0
215.0,216.0,F,5,D7,0
216.0,216.5,F,1,M,0
216.5,220.5,F,5,M,0
220.5,221.5,F,1,M,0
221.5,222.0,F,5,M,0
222.0,223.0,F,1,M,0
223.0,224.0,F,5,D7,0
224.0,224.5,F,1/5,M,0
224.5,225.0,F,5/5,D7,0
225.0,226.0,F,5,M,0
226.0,227.0,F,5/5,M,0
227.0,227.5,F,5,M,0
227.5,228.0,F,1/5,M,0
228.0,229.0,F,5,M,0
229.0,230.5,F,5/5,M,0
230.5,231.0,F,5/5,D7,0
231.0,231.5,F,5,M,0
231.5,232.0,F,5/5,M,0
232.0,233.0,F,5,M,0
233.0,234.5,F,5/5,M,0
234.5,235.0,F,5/5,D7,0
235.0,237.0,F,5,M,0
237.0,237.5,F,1,M,0
237.5,238.0,F,5,M,0
238.0,238.5,F,1,M,0
238.5,240.0,F,5,M,0
240.0,241.0,F,1,M,0
241.0,241.5,F,5,D7,3
241.5,242.0,F,1,M,1
242.0,242.5,F,5,D7,2
242.5,243.5,F,1,M,0
243.5,245.0,F,5,M,0
245.0,245.5,F,5,M,1
245.5,246.0,F,5,M,0
246.0,246.5,F,1,M,0
246.5,247.5,F,5,M,0
247.5,248.5,F,1,M,1
248.5,249.0,F,1,m,1
249.0,250.0,F,5/5,D7,0
250.0,250.5,C,5,D7,0
250.5,251.0,F,5,D7,0
251.0,251.5,F,5,M,1
251.5,252.0,F,5,M,0
252.0,252.5,C,5,M,0
252.5,253.0,F,1,M,0
253.0,254.0,F,5,M,0
254.0,254.5,C,1,M,0
254.5,255.0,F,5,d,0
255.0,256.0,F,1,M,0
256.0,256.5,C,1,M,0
256.5,257.0,F,1,M,0
257.0,257.5,F,5,M,0
257.5,258.0,F,1,M,0
258.0,259.0,F,5,M,0
259.0,260.0,F,1,M,0
260.0,260.5,F,5,M,0
260.5,261.0,F,5,D7,0
261.0,262.5,F,5,M,0
262.5,263.0,F,5/2,D7,1
263.0,264.0,F,2,m,0
264.0,264.5,F,5,m,0
264.5,265.0,C,5,M,0
265.0,266.0,F,1,M,1
266.0,267.0,F,5,M,1
267.0,270.5,F,1,M,0
270.5,271.0,F,1,M,1
271.0,271.5,F,5,D7,0
271.5,272.0,F,5,d,0
272.0,272.5,F,1,M,0
272.5,273.0,F,6,m,0
273.0,273.5,F,4,M,0
273.5,274.0,F,7/5,d,1
274.0,274.5,F,5,M,0
274.5,275.0,F,5,D7,0
275.0,276.5,F,1,M,0
276.5,277.0,F,5,M,0
277.0,278.0,F,5,D7,0
278.0,278.5,F,5,M,0
278.5,279.5,F,5,D7,0
279.5,280.0,F,5,M,0
280.0,280.5,F,1,M,0
280.5,281.5,F,5,M,0
281.5,282.0,F,5,D7,0
282.0,282.5,F,5,M,0
282.5,283.0,F,5,D7,0
283.0,285.0,F,1,M,0
285.0,286.5,F,5,M,0
286.5,287.0,F,5,D7,1
287.0,287.5,F,1,M,0
287.5,288.0,F,5,M,0
288.0,288.5,F,1,M,0
288.5,289.0,F,1,M,1
289.0,289.5,F,4,M,0
289.5,290.0,F,1,M,0
290.0,290.5,F,5,D7,0
290.5,291.0,F,5,M,0
291.0,292.0,F,1,M,0
292.0,293.0,F,5,M,0
293.0,294.0,F,1,M,0
294.0,295.0,F,5,M,0
295.0,297.0,F,1,M,0
297.0,297.5,F,5,M,0
297.5,298.0,F,5,D7,0
298.0,299.5,F,1,M,0
299.5,303.0,F,5,M,0
303.0,303.5,F,1,M,0
303.5,304.0,F,5,M,0
304.0,305.0,F,1,M,0
305.0,306.0,F,5,D7,0
306.0,307.0,F,1,M,0
307.0,308.5,F,5,M,0
308.5,309.0,F,5,D7,0
309.0,310.0,F,1,M,0
310.0,310.5,F,5,M,0
310.5,313.0,F,1,M,0
313.0,313.5,F,5,M,0
313.5,314.0,F,5,D7,0
314.0,315.5,F,1,M,0
315.5,316.0,F,5,D7,0
316.0,316.5,F,1,M,0
316.5,317.0,F,5,M,0
317.0,317.5,F,1,M,0
317.5,319.0,F,5,M,0
319.0,319.5,F,1,M,0
319.5,320.0,F,5,M,0
320.0,321.0,F,1,M,0
321.0,321.5,F,5,M,0
321.5,322.0,F,5,m,0
322.0,323.0,F,1,M,0
323.0,324.5,F,5,M,0
324.5,325.0,F,5/5,m,0
325.0,325.5,F,5,M,1
325.5,326.0,C,5,M,0
326.0,326.5,F,5,D7,0
326.5,327.0,C,5,M,0
327.0,328.5,F,5,M,0
328.5,329.0,F,5,D7,2
329.0,330.5,F,5,M,0
330.5,331.0,C,5,M,0
331.0,332.5,F,5,M,0
332.5,333.0,F,5/5,D7,2
333.0,335.0,F,5,M,0
335.0,335.5,F,1,M,0
335.5,336.0,F,5,D7,0
336.0,337.0,F,1,M,0
337.0,337.5,F,5,M,1
337.5,339.0,F,1,M,0
339.0,339.5,F,5,D7,0
339.5,340.0,F,1,M,0
340.0,340.5,F,5,M,0
340.5,341.5,F,1,M,0
341.5,342.0,F,5,M,0
342.0,342.5,F,1,M,0
342.5,343.0,F,5,M,0
343.0,345.0,F,1,M,0
345.0,345.5,F,1,M,1
345.5,346.0,F,5,M,1
346.0,347.0,F,1,M,0
347.0,347.5,F,6,m,0
347.5,348.0,F,2,m,0
348.0,348.5,F,5,D7,0
348.5,352.0,F,5,M,0
352.0,352.5,F,5,D7,0
352.5,359.0,F,5,M,0
359.0,359.5,F,5,m,0
359.5,361.0,F,5,M,0
361.0,361.5,F,5,m,0
361.5,362.5,F,5,M,0
362.5,363.0,F,4,m,0
363.0,364.0,F,5,M,0
364.0,364.5,F,1,M,0
364.5,365.0,F,5,M,0
365.0,366.0,F,1,M,0
366.0,367.0,F,5,M,0
367.0,367.5,F,1,M,1
367.5,368.0,F,5,M,0
368.0,369.0,F,1,M,0
369.0,369.5,F,5,M,0
369.5,370.0,F,5,D7,0
370.0,370.5,F,1,M,0
370.5,371.0,F,5,M,0
371.0,371.5,F,4,M,0
371.5,372.0,F,5/5,M,0
372.0,373.0,F,5,M,0
373.0,373.5,F,1,M,0
373.5,374.0,F,5,M,0
374.0,374.5,F,1,M,0
374.5,375.0,F,5,M,0
375.0,375.5,F,5,D7,0
375.5,376.0,F,5,M,0
376.0,377.0,F,5,D7,0
377.0,379.0,F,1,M,0
379.0,379.5,F,5,D7,0
379.5,380.0,F,5,M,0
380.0,380.5,F,5,D7,0
380.5,381.0,F,5,M,0
381.0,381.5,F,1,M,1
381.5,382.0,F,5,M,1
382.0,383.0,F,1,M,1
383.0,383.5,F,5,D7,0
383.5,384.0,F,5,M,0
384.0,385.0,F,5,D7,0
385.0,385.5,F,1,M,0
385.5,386.0,F,5,M,0
386.0,386.5,F,6,M,0
386.5,387.0,F,1,M,0
387.0,387.5,F,2,D7,0
387.5,388.0,F,5,M,0
388.0,388.5,F,5,D7,0
388.5,389.0,F,5,M,0
389.0,390.0,F,1,M,0
390.0,390.5,F,5,M,0
390.5,392.0,F,1,M,0
392.0,393.0,F,5,M,0
393.0,393.5,F,1,M,0
393.5,394.0,F,5,M,0
394.0,394.5,F,1,M,0
394.5,395.0,F,5,M,0
395.0,395.5,F,5,D7,0
395.5,396.0,F,5,M,0
396.0,396.5,F,1,M,0
396.5,397.0,F,5,M,0
397.0,397.5,F,5,D7,0
397.5,398.0,F,1,M,1
398.0,398.5,F,7,d7,0
398.5,399.0,F,1,M,0
399.0,399.5,F,7,D7,0
399.5,400.0,F,1,M,0
400.0,401.0,F,5,M,0
401.0,401.5,F,1,M,0
401.5,402.0,F,5,M,0
402.0,402.5,F,1,M,0
402.5,403.0,F,5,M,0
403.0,403.5,F,5,D7,0
403.5,404.0,F,5,M,0
404.0,404.5,F,1,M,0
404.5,405.0,F,5,M,0
405.0,405.5,F,5,D7,0
405.5,406.0,F,1,M,0
406.0,406.5,F,1,M,1
406.5,407.0,F,5,D7,0
407.0,407.5,F,1,M,1
407.5,408.0,F,5,M,0
408.0,408.5,F,1,M,0
408.5,409.0,F,5,M,0
409.0,410.5,F,1,M,0
410.5,411.0,F,5,M,0
411.0,411.5,F,5,D7,0
411.5,412.0,F,5,M,0
412.0,412.5,F,1,M,0
412.5,413.0,F,5,M,0
413.0,413.5,F,5,D7,0
413.5,414.0,F,1,M,0
414.0,414.5,F,5,d7,0
414.5,415.0,F,1,M,1
415.0,415.5,F,5,M,0
415.5,416.0,F,1,M,0
416.0,417.0,F,5,M,0
417.0,417.5,F,1,M,0
417.5,418.0,F,5,M,0
418.0,418.5,F,1,M,0
418.5,419.5,F,5,D7,0
419.5,420.0,F,5,M,0
420.0,420.5,F,1,M,0
420.5,422.0,F,5,M,0
422.0,422.5,F,5,d,0
422.5,424.0,F,5,M,0
424.0,424.5,F,5/5,M,0
424.5,426.0,F,5,M,0
426.0,426.5,F,5/5,d,0
426.5,430.0,F,5,M,0
430.0,430.5,F,5/5,d,1
430.5,433.0,F,5,M,0
433.0,434.0,F,1,M,0
434.0,434.5,F,5,M,0
434.5,435.0,F,1,M,0
435.0,435.5,F,4,M,0
435.5,437.0,F,1,M,0
437.0,437.5,F,2,M,0
437.5,439.0,F,1,M,0
439.0,439.5,F,5,M,0
439.5,440.0,F,5,D7,0
440.0,441.0,F,5,M,0
441.0,442.0,F,1,M,0
442.0,442.5,F,1,M,1
442.5,443.0,F,1,M,0
443.0,443.5,F,7,d7,2
443.5,444.0,F,1,M,0
444.0,444.5,F,6,M,0
444.5,445.0,F,1,M,0
445.0,445.5,F,6,m,0
445.5,446.0,F,6,M,0
446.0,446.5,F,6/5,d,0
446.5,450.5,F,5,M,0
450.5,451.0,F,5/5,m,0
451.0,454.5,F,5,M,0
454.5,455.0,F,5,m,0
455.0,456.0,F,5,M,0
456.0,456.5,F,5,d7,0
456.5,457.0,F,5,M,0
457.0,457.5,F,7/2,d7,0
457.5,458.0,F,5,M,0
458.0,458.5,F,5/2,D7,0
458.5,459.0,F,5,M,0
459.0,459.5,F,5,m,0
459.5,460.0,F,5,D7,0
460.0,460.5,F,2,m,0
460.5,461.0,F,5,M,0
461.0,461.5,F,4,D7,0
461.5,462.0,F,5,M,0
462.0,462.5,F,2,m,0
462.5,463.0,F,5,M,0
463.0,463.5,F,1,M,0
463.5,464.0,F,5,M,0
464.0,464.5,F,1,M,1
464.5,465.0,F,5,D7,0
465.0,465.5,F,1,M,1
465.5,466.0,F,5,D7,0
466.0,466.5,F,1,M,0
466.5,467.0,F,5,D7,0
467.0,467.5,F,1,m,0
467.5,468.0,F,5,M,0
468.0,468.5,F,1,M,0
468.5,469.0,F,6,M,0
469.0,469.5,F,5,M,0
469.5,470.0,F,2,M,0
470.0,471.0,F,5,M,0
471.0,471.5,F,1,M,0
471.5,474.5,F,5,M,0
474.5,475.0,F,5,D7,0
475.0,477.0,F,1,M,0
477.0,477.5,F,5,M,0
477.5,479.0,F,5,D7,0
479.0,481.0,F,1,M,0
481.0,482.5,F,5,D7,0
482.5,483.0,F,7/6,d7,0
483.0,483.5,F,5,m,0
483.5,484.0,F,5,D7,0
484.0,484.5,F,1,M,0
484.5,485.0,F,5,M,0
485.0,485.5,F,2,m,1
485.5,486.0,F,2,M,0
486.0,486.5,F,5,D7,0
486.5,493.0,F,1,M,0
493.0,493.5,F,5,D7,0
493.5,494.0,F,5,M,0
494.0,495.0,F,1,M,0
495.0,495.5,F,5,D7,2
495.5,496.0,F,1,M,0
496.0,496.5,F,5,D7,1
496.5,497.0,F,1,M,0
497.0,497.5,F,5,D7,1
497.5,498.0,F,5,D7,0
498.0,499.0,F,5,M,0
499.0,499.5,F,1,M,0
499.5,500.0,F,5,M,0
500.0,500.5,F,1,M,0
500.5,501.0,F,5,M,0
501.0,502.0,F,5,D7,0
502.0,503.0,F,1,M,0
503.0,503.5,F,5,D7,0
503.5,504.0,F,2,M,0
504.0,504.5,F,5,M,0
504.5,505.0,F,5,D7,0
505.0,505.5,F,1,M,1
505.5,508.0,F,1,M,0
508.0,508.5,F,1,M,1
508.5,509.0,F,1,M,0
509.0,510.0,F,5,D7,3
510.0,511.0,F,1,M,1
511.0,511.5,F,5,D7,2
511.5,512.0,F,1,M,0
512.0,512.5,F,5,D7,1
512.5,513.0,F,1,M,0
513.0,513.5,F,5,D7,2
513.5,515.0,F,1,M,0
515.0,517.0,F,1,M,1
517.0,518.0,F,5,D7,3
518.0,519.0,F,1,M,1
519.0,520.0,F,5,D7,2
520.0,520.5,F,1,M,1
520.5,521.0,F,5/5,D7,1
521.0,522.0,F,5,M,0
522.0,522.5,F,5,D7,0
522.5,523.0,F,5,M,1
523.0,523.5,F,1,M,0
523.5,524.0,F,5,M,0
524.0,525.0,F,5/5,D7,0
525.0,526.5,F,5,M,0
526.5,527.0,F,1,M,0
527.0,528.0,F,5,M,0
528.0,528.5,F,5/5,D7,0
528.5,529.0,F,5,D7,0
529.0,530.5,F,5,M,0
530.5,533.0,F,1,M,0
533.0,533.5,F,5,M,0
533.5,534.0,F,5,D7,0
534.0,534.5,F,1,M,0
534.5,535.0,F,1,m,0
535.0,535.5,F,5,D7,3
535.5,536.0,F,1,M,1
536.0,536.5,F,5,D7,2
536.5,537.0,F,1,M,0
537.0,537.5,F,5,M,0
537.5,538.0,F,5,D7,0
538.0,539.0,F,5,M,0
539.0,539.5,F,1,m,0
539.5,540.0,F,1,D7,0
540.0,541.0,F,1,M,0
541.0,541.5,F,5,M,0
541.5,542.0,F,5,D7,0
542.0,543.0,F,1,M,0
543.0,543.5,F,1,D7,0
543.5,544.0,F,5/5,D7,0
544.0,544.5,F,5,M,0
544.5,545.0,F,5/5,D7,0
545.0,548.0,F,1,M,0
548.0,548.5,F,5/5,M,0
548.5,549.0,F,5/5,m,0
549.0,552.0,F,1,M,0
552.0,552.5,F,5/5,D7,0
552.5,553.0,F,5/5,m,0
553.0,554.0,F,1,M,0
554.0,555.0,F,5,M,0
555.0,555.5,F,1,M,0
555.5,556.0,F,5,M,0
556.0,556.5,F,5/5,D7,0
556.5,557.0,F,5,M,0
557.0,558.0,F,5,m,0
558.0,559.0,F,5,D7,0
559.0,560.0,F,5,M,0
560.0,561.0,F,5,M,1
561.0,562.0,F,1,M,0
562.0,563.5,F,1,M,1
563.5,564.0,F,1,M,0
564.0,564.5,F,1,M,1
564.5,565.5,F,1,M,0
565.5,566.0,F,7,D7,0
566.0,566.5,F,5,M,0
566.5,568.0,F,4,M,0
568.0,568.5,F,5,M,0
568.5,569.0,F,5,D7,0
569.0,570.0,F,1,M,0
570.0,574.0,F,5,M,0
574.0,574.5,F,1,M,2
574.5,577.5,F,5,M,0
577.5,579.0,F,1,M,0
579.0,579.5,F,5,M,0
579.5,580.0,F,5,D7,0
580.0,581.5,F,5,M,0
581.5,583.5,F,1,M,0
583.5,585.0,F,5,M,0
585.0,586.0,F,1,M,0
586.0,587.0,F,5,M,0
587.0,587.5,F,1,M,0
587.5,588.0,F,5,M,0
588.0,588.5,f,5,M,0
588.5,589.0,f,1,M,0
589.0,589.5,f,1,m,0
589.5,590.0,F,1,m,0
590.0,590.5,f,1,m,0
590.5,591.0,F,1,m,0
591.0,592.5,F,7,d7,2
592.5,593.0,f,1,m,1
593.0,593.5,f,7,d7,2
593.5,594.0,f,1,m,2
594.0,594.5,f,7,d7,2
594.5,595.0,f,1,m,0
595.0,596.0,f,7,d7,2
596.0,596.5,f,1,d7,2
596.5,597.0,f,1,m,1
597.0,597.5,f,1,m,2
597.5,599.0,f,1,m,0
599.0,599.5,f,7,d7,0
599.5,600.0,F,7,d7,2
600.0,600.5,f,7,d7,0
600.5,601.0,f,1,m,0
601.0,601.5,f,4,d7,0
601.5,602.0,f,7,d,0
602.0,602.5,f,1,m,0
602.5,603.0,f,5,D7,0
603.0,603.5,f,5,d7,0
603.5,604.0,f,5,D7,0
604.0,607.0,f,1,m,0
607.0,608.0,f,7,d7,0
608.0,608.5,f,7,m,0
608.5,609.0,f,1,M,0
609.0,609.5,f,7,d7,0
609.5,610.0,f,6,M,0
610.0,610.5,f,7,d7,0
610.5,611.0,f,6,M,0
611.0,612.0,f,7,d,0
612.0,612.5,f,7,d7,0
612.5,613.0,f,5,m,0
613.0,615.0,f,1,m,0
615.0,615.5,f,4,m,0
615.5,616.0,f,7,m,2
616.0,616.5,f,4,m,0
616.5,617.0,f,1,m,1
617.0,618.0,f,5,m,2
618.0,618.5,f,1,M,2
618.5,619.0,f,5/5,M,0
619.0,619.5,f,1,m,0
619.5,620.0,f,1,m,2
620.0,621.0,f,1,M,0
621.0,622.0,f,1,M,2
622.0,622.5,f,1,m,2
622.5,623.0,f,5/5,D7,0
623.0,625.5,f,1,m,0
625.5,626.5,f,5,m,0
626.5,627.0,f,5,D7,0
627.0,628.0,f,1,m,0
628.0,628.5,f,5,m,0
628.5,631.0,f,1,m,0
631.0,631.5,f,4,m,0
631.5,633.0,f,1,m,0
633.0,633.5,f,2,m7,1
633.5,634.0,f,1,m,0
634.0,634.5,f,7,d7,0
634.5,636.0,f,1,m,0
636.0,637.0,f,5,M,0
637.0,637.5,f,1,m,0
637.5,638.0,f,1,M,0
638.0,638.5,f,1,m,0
638.5,639.0,f,5,m,0
639.0,639.5,f,4,m,1
639.5,640.5,f,1,m,0
640.5,641.0,c,4,m,0
641.0,642.0,c,1,m,0
642.0,643.0,c,5,M,0
643.0,645.5,c,1,m,0
645.5,646.0,c,7,d7,0
646.0,646.5,c,1,m,0
646.5,647.0,c,5,M,0
647.0,647.5,c,1,m,0
647.5,648.0,c,7/5,d7,0
648.0,649.5,c,1,m,0
649.5,650.0,c,7/5,d7,0
650.0,650.5,c,1,m,0
650.5,651.0,c,5,M,0
651.0,652.0,c,1,m,0
652.0,652.5,f,5,m,0
652.5,653.0,f,1,m,1
653.0,653.5,f,1,m,0
653.5,654.0,f,5/4,m,0
654.0,654.5,f,2-,M,3
654.5,655.5,f,1,m,0
655.5,657.0,f,4,m,0
657.0,657.5,f,1,m,0
657.5,658.0,f,5,D7,0
658.0,658.5,f,1,m,0
658.5,659.0,f,5,D7,0
659.0,660.0,f,1,m,0
660.0,660.5,f,5,m,0
660.5,662.5,f,1,m,0
662.5,663.0,f,1,m,2
663.0,663.5,f,1,M,0
663.5,664.5,f,6,M,0
664.5,665.0,f,1,m,2
665.0,666.0,f,1,m,0
666.0,667.0,f,5,D7,0
667.0,667.5,f,5,m,0
667.5,669.0,f,1,m,0
669.0,671.0,f,5,D7,0
671.0,671.5,f,1,m,2
671.5,672.0,f,5,m,0
672.0,673.0,f,1,m,2
673.0,675.0,f,5,D7,0
675.0,677.0,f,1,m,2
677.0,679.0,f,5,D7,0
679.0,680.5,f,1,m,0
680.5,681.0,f,1,M,0
681.0,682.0,f,2,m7,1
682.0,683.0,f,5,D7,0
683.0,685.5,f,1,m,0
685.5,686.0,f,1,M,0
686.0,686.5,F,1,M,0
686.5,687.0,F,1,m,0
687.0,688.0,f,1,M,0
688.0,689.5,F,1,M,0
689.5,690.0,F,5/4,M,3
690.0,690.5,F,5,M,0
690.5,691.0,F,7/5,d,1
691.0,691.5,F,7,d,1
691.5,692.0,F,7,M,1
692.0,693.5,F,1,M,0
693.5,694.0,F,5,D7,3
694.0,694.5,F,1,M,0
694.5,695.0,F,1,M,1
695.0,695.5,F,5,M,3
695.5,696.0,F,7,d,0
696.0,697.0,F,1,M,2
697.0,698.5,F,5,M,0
698.5,699.0,F,5,D7,3
699.0,700.5,F,1,M,0
700.5,701.0,F,5,M,0
701.0,701.5,F,1,M,0
701.5,702.0,F,5/4,M,0
702.0,702.5,F,1,M,0
702.5,703.0,F,7/5,d,1
703.0,703.5,F,7,M,1
703.5,704.0,F,5,M,1
704.0,705.0,F,1,M,0
705.0,705.5,F,2,M,1
705.5,706.0,F,2,m,1
706.0,706.5,F,2,M,0
706.5,707.0,F,2,M,1
707.0,707.5,F,5,M,0
707.5,708.0,F,7,d,1
708.0,708.5,F,5,M,0
708.5,709.0,F,7,D7,0
709.0,709.5,F,1,M,0
709.5,710.0,F,1,M,1
710.0,713.5,F,1,M,0
713.5,714.0,F,5/4,D7,3
714.0,714.5,F,1,M,0
714.5,715.0,F,4,m,0
715.0,715.5,F,1,M,0
715.5,716.0,F,5,d,0
716.0,717.0,F,1,M,0
717.0,717.5,F,6,m,0
717.5,718.0,F,2,M,0
718.0,718.5,F,6,m,2
718.5,719.0,F,5,D7,0
719.0,719.5,F,6,d,2
719.5,720.0,F,7,d,0
720.0,720.5,F,5,M,0
720.5,721.0,F,1,M,0
721.0,722.5,F,5,M,0
722.5,723.0,F,5,D7,1
723.0,725.5,F,1,M,0
725.5,726.0,F,5/4,D7,0
726.0,726.5,F,1,M,0
726.5,727.0,F,6,M,0
727.0,727.5,F,5,M,0
727.5,728.0,F,5,D7,1
728.0,729.0,F,1,M,0
729.0,731.5,F,5,M,0
731.5,732.0,F,4,M,1
732.0,734.5,F,5,M,0
734.5,736.0,F,5,M,1
736.0,736.5,F,5,M,0
736.5,737.0,F,5,M,1
737.0,737.5,F,5/5,D7,0
737.5,738.0,F,5/5,m,0
738.0,739.5,F,5,M,0
739.5,740.0,F,5/5,M,0
740.0,740.5,F,5,M,0
740.5,741.0,F,5,M,1
741.0,741.5,F,5/5,M,0
741.5,742.0,F,5,M,1
742.0,742.5,F,5/5,D7,0
742.5,743.0,F,5,M,1
743.0,744.0,F,5/5,D7,0
744.0,746.5,F,5,M,0
746.5,750.0,F,1,M,0
750.0,750.5,F,5,M,0
750.5,751.0,F,5/5,M,0
751.0,751.5,F,5,M,0
751.5,752.0,F,5,D7,0
752.0,752.5,F,1,D7,0
752.5,753.0,F,1,M,0
753.0,753.5,F,5,D7,0
753.5,754.0,F,5,M,0
754.0,754.5,F,5,D7,0
754.5,755.0,F,1,M,0
755.0,755.5,F,5,M,0
755.5,756.0,F,1,M,0
756.0,759.0,F,5,M,0
759.0,762.5,F,1,M,0
762.5,763.0,F,5,M,0
763.0,764.0,F,5,D7,0
764.0,764.5,F,4,M,0
764.5,767.5,F,5,M,0
767.5,768.0,F,5,D7,0
768.0,769.0,F,5,M,0
769.0,769.5,F,1,M,0
769.5,770.0,F,5,M,0
770.0,770.5,F,5,D7,0
770.5,773.0,F,5,M,0
773.0,773.5,F,5,D7,0
773.5,774.0,F,5/5,D7,0
774.0,774.5,F,1,M,0
774.5,776.0,F,5,M,0
776.0,776.5,F,5,D7,0
776.5,779.0,F,5,M,0
779.0,779.5,F,5,D7,0
779.5,780.0,F,5/5,D7,0
780.0,780.5,F,5,M,0
780.5,781.0,F,1,M,0
781.0,783.0,F,5,M,0
783.0,783.5,F,5/2,D7,0
783.5,784.0,F,1,D7,0
784.0,784.5,F,5/2,D7,0
784.5,785.5,F,5,D7,0
785.5,786.0,F,5/2,D7,0
786.0,786.5,F,2,m,0
786.5,787.0,F,5/2,m,0
787.0,787.5,F,2,m,1
787.5,788.0,F,2/2,D7,0
788.0,788.5,F,2,m,0
788.5,789.0,F,5,M,0
789.0,789.5,F,5,D7,0
789.5,790.0,F,5,M,0
790.0,792.0,F,5,D7,0
792.0,794.5,F,1,M,0
794.5,795.0,F,5,M,0
795.0,798.0,F,1,M,0
798.0,799.5,F,5,M,0
799.5,800.0,F,5,D7,0
800.0,800.5,F,4,m,0
800.5,801.0,F,1,m,0
801.0,801.5,F,6,m,0
801.5,802.0,F,2,m,0
802.0,803.0,F,1,M,0
803.0,804.0,F,5,D7,0
804.0,807.0,F,1,M,0
807.0,807.5,F,5,D7,0
807.5,808.0,F,5,D7,1
808.0,809.5,F,5,D7,0
809.5,810.0,F,5,D7,1
810.0,812.5,F,1,M,0
812.5,813.5,F,5,M,0
813.5,814.0,F,5,D7,0
814.0,814.5,F,5,M,0
814.5,815.0,F,5,D7,0
815.0,815.5,F,5,M,0
815.5,816.0,F,5,D7,0
816.0,816.5,F,1,M,1
816.5,817.0,F,1,M,0
817.0,817.5,F,4,M,0
817.5,818.0,F,1,M,1
818.0,818.5,F,5,M,0
818.5,819.0,F,1,M,0
819.0,819.5,F,5,D7,0
819.5,820.0,F,5,D7,1
820.0,821.5,F,5,D7,0
821.5,822.0,F,5,D7,1
822.0,823.5,F,1,M,0
823.5,824.0,F,1,m,0
824.0,824.5,F,1,D7,0
824.5,825.0,F,1,M,0
825.0,825.5,F,4,D7,1
825.5,826.0,F,1,M,0
826.0,826.5,F,5,m,0
826.5,828.0,F,5,D7,0
828.0,828.5,F,1,m,0
828.5,829.5,F,5,D7,0
829.5,830.0,F,1,m,0
830.0,830.5,F,5,D7,0
830.5,831.0,F,5,m,0
831.0,831.5,d,5/6,D7,0
831.5,832.5,d,5,D7,0
832.5,833.0,F,5,D7,0
833.0,834.0,d,5,D7,0
834.0,834.5,F,1,m,0
834.5,837.5,d,1,m,2
837.5,840.0,d,5,D7,0
840.0,843.0,d,1,m,2
843.0,844.0,d,4,M,0
844.0,844.5,d,6,M,0
844.5,845.0,d,4,M,0
845.0,845.5,d,6,M,0
845.5,846.5,d,4,Gr+6,0
846.5,849.0,d,4,Gr+6,1
849.0,850.0,d,5,M,0
850.0,850.5,d,5,Gr+6,0
850.5,851.0,d,5,M,0
851.0,852.0,d,1,m,2
852.0,854.0,d,5,M,0
854.0,854.5,d,1,m,2
854.5,855.0,d,1,M,2
855.0,856.5,d,5,M,0
856.5,857.0,d,5/6,M,0
857.0,857.5,d,1,m,2
857.5,858.0,d,1,M,2
858.0,860.0,d,5,M,0
860.0,860.5,d,1,m,0
860.5,861.0,d,1/5,m,2
861.0,863.0,d,5,M,0
863.0,863.5,d,5,d7,0
863.5,864.0,d,7,m,0
864.0,865.0,d,5,M,0
865.0,866.0,d,7,d7,0
866.0,867.0,d,5,M,0
867.0,868.0,d,7,d7,0
868.0,869.0,d,5,M,0
869.0,869.5,d,7/5,d7,0
869.5,870.0,d,7,d7,0
870.0,871.0,d,5,M,0
871.0,871.5,d,7,d7,0
871.5,880.0,d,5,M,0
880.0,884.0,D,5,M,0
884.0,884.5,G,1,M,0
884.5,886.5,D,5,M,0
886.5,887.0,G,5,m,0
887.0,887.5,D,5,M,1
887.5,889.5,D,5,M,0
889.5,890.0,D,1,M,0
890.0,890.5,D,2,M,1
890.5,891.0,D,2,M,0
891.0,891.5,D,5,M,0
891.5,892.0,D,2,M,0
892.0,893.5,D,5,M,0
893.5,894.0,D,1,M,0
894.0,894.5,D,5,M,0
894.5,895.0,D,5,D7,0
895.0,895.5,D,4,M,1
895.5,896.0,D,4,M,0
896.0,896.5,D,5,M,0
896.5,897.0,D,1,M,0
897.0,897.5,G,2,m,1
897.5,898.0,D,2,m,1
898.0,898.5,D,2,D7,0
898.5,899.0,D,2,m,1
899.0,900.5,D,1,M,0
900.5,901.0,G,1,M,0
901.0,901.5,D,5,M,0
901.5,902.5,D,1,M,0
902.5,903.0,G,1,M,0
903.0,903.5,D,4,M,0
903.5,905.0,D,1,M,0
905.0,905.5,D,5,M,0
905.5,906.0,D,1,M,0
906.0,906.5,D,7,M,0
906.5,907.0,D,5,M,0
907.0,907.5,D,7,M,0
907.5,908.0,G,7,M,0
908.0,911.0,D,1,M,0
911.0,912.0,D,2,M,0
912.0,913.0,D,1,M,0
913.0,914.0,D,2,M,0
914.0,914.5,D,7,M,0
914.5,915.0,D,5,M,0
915.0,917.0,D,1,M,0
917.0,917.5,B-,1,M,0
917.5,918.0,D,1,M,0
918.0,918.5,B-,1,M,0
918.5,919.0,D,1,M,0
919.0,921.0,B-,1,M,0
921.0,921.5,D,5,M,0
921.5,922.0,B-,4,M,0
922.0,923.0,B-,1,M,0
923.0,924.5,B-,4,M,0
924.5,925.5,B-,5,M,0
925.5,926.0,B-,5,m,0
926.0,926.5,B-,5,M,0
926.5,927.0,B-,2,m,0
927.0,927.5,B-,5,D7,1
927.5,928.0,B-,5,D7,0
928.0,928.5,B-,5,d,0
928.5,929.0,B-,5,D7,0
929.0,930.0,B-,1,M,0
930.0,930.5,B-,5,D7,0
930.5,931.0,B-,2,m,0
931.0,931.5,B-,5,M,0
931.5,932.0,B-,5,D7,0
932.0,933.0,B-,5,M,0
933.0,937.0,B-,1,M,0
937.0,937.5,B-,5,D7,3
937.5,938.0,B-,7,D7,3
938.0,938.5,B-,5,M,3
938.5,939.0,B-,1,M,0
939.0,939.5,B-,4,D7,3
939.5,940.0,B-,1,M,0
940.0,940.5,b-,2,D7,3
940.5,941.0,B-,1,M,0
941.0,941.5,B-,1,d,1
941.5,942.0,B-,7,D7,3
942.0,942.5,b-,7,D7,3
942.5,943.0,B-,1,M,0
943.0,943.5,b-,1,M,0
943.5,944.0,b-,1,m,1
944.0,944.5,b-,1,m,0
944.5,945.0,b-,1,m,1
945.0,945.5,b-,7,M,0
945.5,946.0,b-,4,M,0
946.0,946.5,b-,7,Gr+6,0
946.5,947.0,b-,1,m,1
947.0,947.5,b-,7,d7,1
947.5,948.0,b-,4,d7,1
948.0,948.5,b-,1,m,0
948.5,949.5,b-,5,D7,0
949.5,950.0,b-,7,m,0
950.0,950.5,b-,1,m,0
950.5,951.0,b-,5,D7,0
951.0,952.0,b-,1,m,0
952.0,953.5,b-,1,M,0
953.5,954.0,b-,4,M,0
954.0,954.5,b-,6,M,0
954.5,955.0,b-,1,M,0
955.0,955.5,b-,4,m,0
955.5,957.0,b-,4,M,0
957.0,958.0,b-,4,m,0
958.0,958.5,b-,4,d7,0
958.5,959.0,b-,1,M,0
959.0,959.5,b-,5,D7,0
959.5,960.0,b-,5,M,0
960.0,960.5,D-,5,M,0
960.5,961.0,D-,5,m,0
961.0,962.0,D-,5,D7,0
962.0,963.0,D-,5,D7,3
963.0,964.0,D-,1,M,0
964.0,964.5,D-,2,M,0
964.5,965.0,D-,5,m,0
965.0,965.5,D-,1,M,0
965.5,966.0,D-,5/5,M,0
966.0,967.0,D-,5,M,0
967.0,971.0,D-,1,M,0
971.0,971.5,D-,4,M,0
971.5,972.0,D-,4,M,2
972.0,972.5,D-,4,M,0
972.5,973.0,D-,1,M,0
973.0,973.5,D-,4,M,2
973.5,974.0,D-,1,M,0
974.0,974.5,D-,4,M,0
974.5,975.0,D-,1,M,0
975.0,976.0,D-,2,m7,0
976.0,976.5,D-,7,m7,0
976.5,979.0,D-,1,M,0
979.0,979.5,D-,4,M,0
979.5,980.5,D-,4,M,2
980.5,981.0,D-,1,M,0
981.0,981.5,D-,5,m,1
981.5,982.0,D-,2,m,1
982.0,982.5,D-,1,M,0
982.5,983.0,D-,5,D7,0
983.0,983.5,D-,5,m7,0
983.5,984.0,D-,5,M,0
984.0,985.5,D-,1,M,0
985.5,986.5,f,1,M,0
986.5,987.0,D-,1,M,0
987.0,987.5,D-,5,M,0
987.5,988.5,D-,4,M,0
988.5,989.0,D-,5,M,0
989.0,989.5,f,5,M,0
989.5,990.0,f,7,d,0
990.0,990.5,f,5,M,0
990.5,991.0,D-,1,M,1
991.0,991.5,f,5,M,1
991.5,992.0,f,1,M,1
992.0,992.5,D-,5,M,0
992.5,993.0,f,5,M,0
993.0,993.5,D-,1,M,0
993.5,994.0,f,1,M,0
994.0,994.5,D-,1,M,0
994.5,995.0,f,1,M,0
995.0,995.5,D-,1,M,0
995.5,996.0,f,1,M,0
996.0,996.5,D-,1/5,M,0
996.5,997.5,f,5,M,0
997.5,998.0,f,5,d7,0
998.0,998.5,f,5/5,M,0
998.5,999.0,f,5/5,d7,1
999.0,1000.5,f,5,M,0
1000.5,1001.0,f,5/5,M,0
1001.0,1002.0,f,5,M,0
1002.0,1002.5,f,5/5,M,0
1002.5,1003.0,f,5,M,0
1003.0,1003.5,f,5/5,M,0
1003.5,1004.0,f,5,M,0
1004.0,1005.0,f,5/5,M,0
1005.0,1006.0,f,7/5,d,0
1006.0,1007.0,f,7/5,d7,0
1007.0,1007.5,f,7/5,M,0
1007.5,1008.0,f,5/5,M,0
1008.0,1009.0,f,5,M,0
1009.0,1009.5,f,1,M,0
1009.5,1011.0,f,5,M,0
1011.0,1011.5,f,7,M,0
1011.5,1012.0,f,5/5,M,0
1012.0,1012.5,f,7/5,d,0
1012.5,1013.0,f,7/5,M,0
1013.0,1013.5,f,7/5,d,0
1013.5,1014.0,f,7/5,M,0
1014.0,1014.5,f,7/5,d,0
1014.5,1015.0,f,7/5,d7,0
1015.0,1015.5,f,5,M,0
1015.5,1016.0,f,5/5,M,0
1016.0,1016.5,f,5,M,0
1016.5,1017.0,f,1/5,M,0
1017.0,1017.5,f,7/5,d7,0
1017.5,1018.0,f,7/5,M,0
1018.0,1018.5,C,7/5,d,0
1018.5,1019.0,f,7/5,d7,0
1019.0,1019.5,f,7,M,0
1019.5,1020.0,f,5/5,M,0
1020.0,1021.0,f,5,M,0
1021.0,1021.5,f,7/5,D7,0
1021.5,1022.0,f,5/5,M,0
1022.0,1022.5,f,1/5,M,0
1022.5,1023.0,f,7/5,M,0
1023.0,1023.5,f,1,M,0
1023.5,1024.0,f,5/5,M,0
1024.0,1025.0,f,5,M,0
1025.0,1025.5,f,5/5,M,0
1025.5,1026.0,C,5,D7,0
1026.0,1026.5,f,5,M,0
1026.5,1027.0,f,5/5,M,0
1027.0,1028.0,f,1,M,0
1028.0,1028.5,f,1/5,M,0
1028.5,1029.0,f,5,M,0
1029.0,1029.5,f,5,D7,0
1029.5,1030.0,f,5/5,M,0
1030.0,1031.0,C,5/5,D7,0
1031.0,1032.0,f,5/5,M,0
1032.0,1032.5,f,5,M,0
1032.5,1033.5,f,1,M,0
1033.5,1034.5,f,5,M,0
1034.5,1035.5,f,1,M,0
1035.5,1036.0,C,1,M,0
1036.0,1036.5,C,1/5,M,0
1036.5,1037.0,C,1,M,0
1037.0,1037.5,C,1/5,M,0
1037.5,1038.0,a,1,M,0
1038.0,1038.5,C,1,M,0
1038.5,1039.0,f,1,M,0
1039.0,1039.5,C,1,M,0
1039.5,1040.0,a,1,M,0
1040.0,1040.5,F,1,M,0
1040.5,1041.0,F,5,M,0
1041.0,1041.5,F,5,m,2
1041.5,1042.0,F,5,D7,2
1042.0,1043.0,F,1,M,2
1043.0,1044.0,F,5,M,1
1044.0,1046.0,F,5,M,0
1046.0,1046.5,F,5,D7,2
1046.5,1047.0,F,5,M,0
1047.0,1049.0,F,1,M,0
1049.0,1049.5,F,5,M,0
1049.5,1050.0,F,5,D7,2
1050.0,1050.5,F,5,M,0
1050.5,1051.0,F,1,M,0
1051.0,1051.5,F,2,M,1
1051.5,1052.0,F,2,m,1
1052.0,1052.5,F,5,M,0
1052.5,1053.0,F,5,D7,0
1053.0,1056.5,F,1,M,0
1056.5,1057.0,F,5/4,D7,0
1057.0,1059.0,F,1,M,0
1059.0,1059.5,F,2,M,0
1059.5,1061.0,F,1,M,0
1061.0,1061.5,F,2,M,0
1061.5,1062.5,F,1,M,0
1062.5,1063.0,F,5,M,0
1063.0,1064.5,F,1,M,0
1064.5,1065.0,F,5/4,D7,0
1065.0,1067.5,F,1,M,0
1067.5,1068.0,F,5,M,0
1068.0,1068.5,F,2,M,0
1068.5,1070.5,F,1,M,0
1070.5,1071.0,F,1,m,0
1071.0,1071.5,F,1,M,0
1071.5,1072.0,F,5,D7,2
1072.0,1072.5,F,5,M,0
1072.5,1073.0,F,5,m,2
1073.0,1074.0,F,1,M,0
1074.0,1074.5,F,6,m,0
1074.5,1075.0,F,6,m,1
1075.0,1076.0,F,2,m,0
1076.0,1076.5,F,5,M,0
1076.5,1077.0,F,5,m,2
1077.0,1079.5,F,1,M,0
1079.5,1080.0,F,5,m,2
1080.0,1080.5,F,5,M,0
1080.5,1081.0,F,5,m,2
1081.0,1082.0,F,1,M,0
1082.0,1083.0,F,6,m,0
1083.0,1084.0,F,2,m,0
1084.0,1084.5,F,5,M,0
1084.5,1085.0,F,5,D7,0
1085.0,1088.5,F,1,M,0
1088.5,1089.5,F,5,M,0
1089.5,1090.0,F,5,D7,0
1090.0,1090.5,b,5,M,0
1090.5,1093.0,F,5,M,0
1093.0,1094.0,F,1,M,0
1094.0,1094.5,b,1,M,0
1094.5,1098.0,F,1,M,0
1098.0,1099.0,b,1,M,0
1099.0,1100.0,F,5,D7,0
1100.0,1101.0,b,1,M,0
1101.0,1102.0,F,1,M,0
1102.0,1103.5,b,1,M,0
1103.5,1104.0,b,5,M,0
1104.0,1105.0,b,5,M,1
